MaDM,TenDM
DM_ch-m-s-c-n-c,CHĂM SÓC NƯỚC
DM_m-y-l-c-n-c,Máy lọc nước
DM_linh-ki-n-l-c-n-c,Linh kiện lọc nước
DM_c-y-n-c-n-ng-l-nh,Cây nước nóng lạnh
DM_m-y-l-c-n-c-b-n-c-ng-nghi-p,Máy lọc nước bán công nghiệp
DM_m-y-l-c-n-c-hidrogen,Máy lọc nước HidroGen
DM_ch-m-s-c-b-p,CHĂM SÓC BẾP
DM_b-p-ga,Bếp ga
DM_b-p-t,Bếp từ
DM_m-y-xay,Máy xay
DM_m-un-si-u-t-c,Ấm đun siêu tốc
DM_b-n-i-ch-o,Bộ nồi chảo
DM_n-i-p-su-t,Nồi áp suất
DM_n-i-c-m-i-n,Nồi cơm điện
DM_m-y-p-ch-m,Máy ép chậm
DM_m-y-h-t-m-i,Máy hút mùi
DM_m-y-r-a-b-t,Máy rửa bát
DM_n-i-chi-n-kh-ng-d-u,Nồi chiên không dầu
DM_ch-m-s-c-kh,CHĂM SÓC KHÍ
DM_m-y-s-i,Máy sưởi
DM_m-y-h-t-b-i,Máy hút bụi
DM_m-y-l-c-kh-ng-kh,Máy lọc không khí
DM_ch-m-s-c-m-i-tr-ng,CHĂM SÓC MÔI TRƯỜNG
DM_h-th-ng-x-l-n-c,Hệ thống xử lý nước
