MaAnh,TenAnh,URL,MaSP
ecb31ce6-3,450-714x714-3_1647243174.png,https://locnuocthongminh.com/wp-content/uploads/2023/01/450-714x714-3_1647243174.png,SP_c-y-n-c-n-ng-l-nh-mutosi-md-450bk
b2cbdafd-c,450-714x714-4_1647243177.png,https://locnuocthongminh.com/wp-content/uploads/2023/01/450-714x714-4_1647243177.png,SP_c-y-n-c-n-ng-l-nh-mutosi-md-450bk
92e45c87-0,450-714x714-2_1647243170.png,https://locnuocthongminh.com/wp-content/uploads/2023/01/450-714x714-2_1647243170.png,SP_c-y-n-c-n-ng-l-nh-mutosi-md-450bk
a2936d94-2,cay-nuoc-nong-lanh-tich-hop-ro-mutosi-md450-2-714-2_1612155765.png,https://locnuocthongminh.com/wp-content/uploads/2023/01/cay-nuoc-nong-lanh-tich-hop-ro-mutosi-md450-2-714-2_1612155765.png,SP_c-y-n-c-n-ng-l-nh-mutosi-md-450ro
b060e026-2,450-714x714-3_1647243064.png,https://locnuocthongminh.com/wp-content/uploads/2023/01/450-714x714-3_1647243064.png,SP_c-y-n-c-n-ng-l-nh-mutosi-md-450ro-bk
095a8d50-e,450r-714x714_1647243058.png,https://locnuocthongminh.com/wp-content/uploads/2023/01/450r-714x714_1647243058.png,SP_c-y-n-c-n-ng-l-nh-mutosi-md-450ro-bk
9e37e0e6-6,450-714x714-4_1647243067.png,https://locnuocthongminh.com/wp-content/uploads/2023/01/450-714x714-4_1647243067.png,SP_c-y-n-c-n-ng-l-nh-mutosi-md-450ro-bk
c40f8167-7,cay-nuoc-nong-lanh-tich-hop-ro-mutosi-md450-1-714_1608708111.png,https://locnuocthongminh.com/wp-content/uploads/2023/01/cay-nuoc-nong-lanh-tich-hop-ro-mutosi-md450-1-714_1608708111.png,SP_c-y-n-c-n-ng-l-nh-mutosi-md-450roq-office
43855418-3,cay-nuoc-nong-lanh-tich-hop-ro-mutosi-md450-2-714_1608708111.png,https://locnuocthongminh.com/wp-content/uploads/2023/01/cay-nuoc-nong-lanh-tich-hop-ro-mutosi-md450-2-714_1608708111.png,SP_c-y-n-c-n-ng-l-nh-mutosi-md-450roq-office
e40d8b0f-6,cay-nuoc-nong-lanh-tich-hop-ro-mutosi-md450-3714_1608708111.png,https://locnuocthongminh.com/wp-content/uploads/2023/01/cay-nuoc-nong-lanh-tich-hop-ro-mutosi-md450-3714_1608708111.png,SP_c-y-n-c-n-ng-l-nh-mutosi-md-450roq-office
ea3229fd-2,cay-nuoc-nong-lanh-tich-hop-ro-mutosi-md450-4714_1609305158.png,https://locnuocthongminh.com/wp-content/uploads/2023/01/cay-nuoc-nong-lanh-tich-hop-ro-mutosi-md450-4714_1609305158.png,SP_c-y-n-c-n-ng-l-nh-mutosi-md-450roq-office
27623af4-5,cay-nuoc-nong-lanh-tich-hop-ro-mutosi-md450-5714_1608708119.png,https://locnuocthongminh.com/wp-content/uploads/2023/01/cay-nuoc-nong-lanh-tich-hop-ro-mutosi-md450-5714_1608708119.png,SP_c-y-n-c-n-ng-l-nh-mutosi-md-450roq-office
6ec41172-9,cay-nuoc-nong-lanh-tich-hop-ro-mutosi-md450-6714_1608708119.png,https://locnuocthongminh.com/wp-content/uploads/2023/01/cay-nuoc-nong-lanh-tich-hop-ro-mutosi-md450-6714_1608708119.png,SP_c-y-n-c-n-ng-l-nh-mutosi-md-450roq-office
19b3f8c1-8,cay-nuoc-nong-lanh-tich-hop-ro-mutosi-md450-7714_1608708119.png,https://locnuocthongminh.com/wp-content/uploads/2023/01/cay-nuoc-nong-lanh-tich-hop-ro-mutosi-md450-7714_1608708119.png,SP_c-y-n-c-n-ng-l-nh-mutosi-md-450roq-office
282f394b-1,cay-nuoc-nong-lanh-tich-hop-ro-mutosi-md450-8714_1609305205.png,https://locnuocthongminh.com/wp-content/uploads/2023/01/cay-nuoc-nong-lanh-tich-hop-ro-mutosi-md450-8714_1609305205.png,SP_c-y-n-c-n-ng-l-nh-mutosi-md-450roq-office
525697ec-9,may-loc-nuoc-mutosi-9_1621072885.png,https://locnuocthongminh.com/wp-content/uploads/2023/01/may-loc-nuoc-mutosi-9_1621072885.png,SP_m-y-l-c-n-c-9-c-p-mutosi-mp-291m
aac67e57-c,may-loc-nuoc-mutosi-8_1621072885.png,https://locnuocthongminh.com/wp-content/uploads/2023/01/may-loc-nuoc-mutosi-8_1621072885.png,SP_m-y-l-c-n-c-9-c-p-mutosi-mp-291m
1fe96162-5,may-loc-nuoc-ban-cong-nghiep-mutosi-30l-3_1612253692.png,https://locnuocthongminh.com/wp-content/uploads/2023/01/may-loc-nuoc-ban-cong-nghiep-mutosi-30l-3_1612253692.png,SP_m-y-l-c-n-c-b-n-c-ng-nghi-p-mutosi-30l-h-mp-30
94e969d4-2,30l-4_1593853000.png,https://locnuocthongminh.com/wp-content/uploads/2023/01/30l-4_1593853000.png,SP_m-y-l-c-n-c-b-n-c-ng-nghi-p-mutosi-30l-h-mp-30
cd28757c-3,may-loc-nuoc-ban-cong-nghiep-mutosi-30l-1_1612253686.png,https://locnuocthongminh.com/wp-content/uploads/2023/01/may-loc-nuoc-ban-cong-nghiep-mutosi-30l-1_1612253686.png,SP_m-y-l-c-n-c-b-n-c-ng-nghi-p-mutosi-30l-h-mp-30
cfa33280-e,may-loc-nuoc-ban-cong-nghiep-mutosi-30l-2_1612253692.png,https://locnuocthongminh.com/wp-content/uploads/2023/01/may-loc-nuoc-ban-cong-nghiep-mutosi-30l-2_1612253692.png,SP_m-y-l-c-n-c-b-n-c-ng-nghi-p-mutosi-30l-h-mp-30
bdbd434c-4,may-loc-nuoc-ban-cong-nghiep-mutosi-50l-3_1612254847.png,https://locnuocthongminh.com/wp-content/uploads/2023/01/may-loc-nuoc-ban-cong-nghiep-mutosi-50l-3_1612254847.png,SP_m-y-l-c-n-c-b-n-c-ng-nghi-p-mutosi-50l-h
b2096665-9,may-loc-nuoc-ban-cong-nghiep-mutosi-50l-2_1612254839.png,https://locnuocthongminh.com/wp-content/uploads/2023/01/may-loc-nuoc-ban-cong-nghiep-mutosi-50l-2_1612254839.png,SP_m-y-l-c-n-c-b-n-c-ng-nghi-p-mutosi-50l-h
cc6b6fc5-e,may-loc-nuoc-ban-cong-nghiep-mutosi-50l-1_1612254847.png,https://locnuocthongminh.com/wp-content/uploads/2023/01/may-loc-nuoc-ban-cong-nghiep-mutosi-50l-1_1612254847.png,SP_m-y-l-c-n-c-b-n-c-ng-nghi-p-mutosi-50l-h
fd92a94d-9,50l-1_1593853831.png,https://locnuocthongminh.com/wp-content/uploads/2023/01/50l-1_1593853831.png,SP_m-y-l-c-n-c-b-n-c-ng-nghi-p-mutosi-50l-h
41132750-a,bcn-80-1_1612327328.png,https://locnuocthongminh.com/wp-content/uploads/2023/01/bcn-80-1_1612327328.png,SP_m-y-l-c-n-c-b-n-c-ng-nghi-p-mutosi-80l-h-mp-80
d7270cb5-9,bcn-80-2_1612327338.png,https://locnuocthongminh.com/wp-content/uploads/2023/01/bcn-80-2_1612327338.png,SP_m-y-l-c-n-c-b-n-c-ng-nghi-p-mutosi-80l-h-mp-80
bee4cffb-1,bcn-80-3_1612327338.png,https://locnuocthongminh.com/wp-content/uploads/2023/01/bcn-80-3_1612327338.png,SP_m-y-l-c-n-c-b-n-c-ng-nghi-p-mutosi-80l-h-mp-80
835f7d30-c,loi-20-in-so-3_1595326910.png,https://locnuocthongminh.com/wp-content/uploads/2023/01/loi-20-in-so-3_1595326910.png,SP_m-y-l-c-n-c-b-n-c-ng-nghi-p-mutosi-80l-h-mp-80
827c5cf7-c,loi-20-in_1595326910.png,https://locnuocthongminh.com/wp-content/uploads/2023/01/loi-20-in_1595326910.png,SP_m-y-l-c-n-c-b-n-c-ng-nghi-p-mutosi-80l-h-mp-80
9fc336c4-2,mp-371_2_1647405256.png,https://locnuocthongminh.com/wp-content/uploads/2023/01/mp-371_2_1647405256.png,SP_m-y-l-c-n-c-g-m-t-b-p-7-l-i-mp-371u
e1ac40f6-4,mp-371_3_1647405256.png,https://locnuocthongminh.com/wp-content/uploads/2023/01/mp-371_3_1647405256.png,SP_m-y-l-c-n-c-g-m-t-b-p-7-l-i-mp-371u
b0e1483a-9,371u_2_1647405635.png,https://locnuocthongminh.com/wp-content/uploads/2023/01/371u_2_1647405635.png,SP_m-y-l-c-n-c-g-m-t-b-p-7-l-i-mp-371u
97fcd0be-3,mp390_chinh-dien.png,https://locnuocthongminh.com/wp-content/uploads/2023/01/mp390_chinh-dien.png,SP_m-y-l-c-n-c-g-m-t-b-p-9-l-i-mp-390
d0e7a8c9-5,390_4.png,https://locnuocthongminh.com/wp-content/uploads/2023/01/390_4.png,SP_m-y-l-c-n-c-g-m-t-b-p-9-l-i-mp-390
c0450432-6,390_2.png,https://locnuocthongminh.com/wp-content/uploads/2023/01/390_2.png,SP_m-y-l-c-n-c-g-m-t-b-p-9-l-i-mp-390
04cc976d-1,z2126900635712_d5e11cf8ba69d1155f5c010fb2ca31de.jpg,https://locnuocthongminh.com/wp-content/uploads/2023/01/z2126900635712_d5e11cf8ba69d1155f5c010fb2ca31de.jpg,SP_m-y-l-c-n-c-g-m-t-b-p-9-l-i-mp-390
7c6b8b1e-4,may-loc-nuoc-khong-tu-9-loi-mp-291_1616052908.png,https://locnuocthongminh.com/wp-content/uploads/2023/01/may-loc-nuoc-khong-tu-9-loi-mp-291_1616052908.png,SP_m-y-l-c-n-c-mp291-kt
362a2aac-d,may-loc-nuoc-khong-tu-9-loi-mp-291-4_1616052898.png,https://locnuocthongminh.com/wp-content/uploads/2023/01/may-loc-nuoc-khong-tu-9-loi-mp-291-4_1616052898.png,SP_m-y-l-c-n-c-mp291-kt
8a10483c-5,may-loc-nuoc-khong-tu-9-loi-mp-291-2_1616052904.png,https://locnuocthongminh.com/wp-content/uploads/2023/01/may-loc-nuoc-khong-tu-9-loi-mp-291-2_1616052904.png,SP_m-y-l-c-n-c-mp291-kt
46827110-a,may-loc-nuoc-mutosi-10_1621072809.png,https://locnuocthongminh.com/wp-content/uploads/2023/01/may-loc-nuoc-mutosi-10_1621072809.png,SP_m-y-l-c-n-c-mutosi-10-l-i-mp-2100s
bd0821af-0,may-loc-nuoc-mutosi-18_1621072809.png,https://locnuocthongminh.com/wp-content/uploads/2023/01/may-loc-nuoc-mutosi-18_1621072809.png,SP_m-y-l-c-n-c-mutosi-10-l-i-mp-2100s
030576f9-3,may-loc-nuoc-mutosi-9_1621072885.png,https://locnuocthongminh.com/wp-content/uploads/2023/01/may-loc-nuoc-mutosi-9_1621072885.png,SP_m-y-l-c-n-c-9-c-p-mutosi-mp-291m
17be01ec-4,may-loc-nuoc-mutosi-8_1621072885.png,https://locnuocthongminh.com/wp-content/uploads/2023/01/may-loc-nuoc-mutosi-8_1621072885.png,SP_m-y-l-c-n-c-9-c-p-mutosi-mp-291m
614b8477-0,mp-371_2_1647405256.png,https://locnuocthongminh.com/wp-content/uploads/2023/01/mp-371_2_1647405256.png,SP_m-y-l-c-n-c-g-m-t-b-p-7-l-i-mp-371u
3931ee74-d,mp-371_3_1647405256.png,https://locnuocthongminh.com/wp-content/uploads/2023/01/mp-371_3_1647405256.png,SP_m-y-l-c-n-c-g-m-t-b-p-7-l-i-mp-371u
69c1e272-6,371u_2_1647405635.png,https://locnuocthongminh.com/wp-content/uploads/2023/01/371u_2_1647405635.png,SP_m-y-l-c-n-c-g-m-t-b-p-7-l-i-mp-371u
9275219d-3,mp390_chinh-dien.png,https://locnuocthongminh.com/wp-content/uploads/2023/01/mp390_chinh-dien.png,SP_m-y-l-c-n-c-g-m-t-b-p-9-l-i-mp-390
7b4ae0b3-5,390_4.png,https://locnuocthongminh.com/wp-content/uploads/2023/01/390_4.png,SP_m-y-l-c-n-c-g-m-t-b-p-9-l-i-mp-390
21867851-8,390_2.png,https://locnuocthongminh.com/wp-content/uploads/2023/01/390_2.png,SP_m-y-l-c-n-c-g-m-t-b-p-9-l-i-mp-390
53ccfc88-1,z2126900635712_d5e11cf8ba69d1155f5c010fb2ca31de.jpg,https://locnuocthongminh.com/wp-content/uploads/2023/01/z2126900635712_d5e11cf8ba69d1155f5c010fb2ca31de.jpg,SP_m-y-l-c-n-c-g-m-t-b-p-9-l-i-mp-390
3c69f55d-2,may-loc-nuoc-khong-tu-9-loi-mp-291_1616052908.png,https://locnuocthongminh.com/wp-content/uploads/2023/01/may-loc-nuoc-khong-tu-9-loi-mp-291_1616052908.png,SP_m-y-l-c-n-c-mp291-kt
016ff63c-f,may-loc-nuoc-khong-tu-9-loi-mp-291-4_1616052898.png,https://locnuocthongminh.com/wp-content/uploads/2023/01/may-loc-nuoc-khong-tu-9-loi-mp-291-4_1616052898.png,SP_m-y-l-c-n-c-mp291-kt
60489201-7,may-loc-nuoc-khong-tu-9-loi-mp-291-2_1616052904.png,https://locnuocthongminh.com/wp-content/uploads/2023/01/may-loc-nuoc-khong-tu-9-loi-mp-291-2_1616052904.png,SP_m-y-l-c-n-c-mp291-kt
edf41fc8-5,may-loc-nuoc-mutosi-10_1621072809.png,https://locnuocthongminh.com/wp-content/uploads/2023/01/may-loc-nuoc-mutosi-10_1621072809.png,SP_m-y-l-c-n-c-mutosi-10-l-i-mp-2100s
bd07e4a6-2,may-loc-nuoc-mutosi-18_1621072809.png,https://locnuocthongminh.com/wp-content/uploads/2023/01/may-loc-nuoc-mutosi-18_1621072809.png,SP_m-y-l-c-n-c-mutosi-10-l-i-mp-2100s
3a9eb35a-0,may-loc-nuoc-mutosi-18_1621072563-1.png,https://locnuocthongminh.com/wp-content/uploads/2023/01/may-loc-nuoc-mutosi-18_1621072563-1.png,SP_m-y-l-c-n-c-mutosi-10-l-i-mp-2100s-nc
40635322-4,may-loc-nuoc-mutosi-10_1621072600.png,https://locnuocthongminh.com/wp-content/uploads/2023/01/may-loc-nuoc-mutosi-10_1621072600.png,SP_m-y-l-c-n-c-mutosi-10-l-i-mp-2100s-nc
95da0d2b-5,mp-290s-chinh-dien-web_1647413514.png,https://locnuocthongminh.com/wp-content/uploads/2023/01/mp-290s-chinh-dien-web_1647413514.png,SP_m-y-l-c-n-c-mutosi-9-l-i-mp-290s
aa4e6253-a,mp-290s-nghieng-phai-web_1647413514.png,https://locnuocthongminh.com/wp-content/uploads/2023/01/mp-290s-nghieng-phai-web_1647413514.png,SP_m-y-l-c-n-c-mutosi-9-l-i-mp-290s
3b16d1f4-0,mp-290s-nghieng-trai-do-bong-web_1647413514.png,https://locnuocthongminh.com/wp-content/uploads/2023/01/mp-290s-nghieng-trai-do-bong-web_1647413514.png,SP_m-y-l-c-n-c-mutosi-9-l-i-mp-290s
67e6bde8-6,592h_bk-2_1647332785.png,https://locnuocthongminh.com/wp-content/uploads/2023/01/592h_bk-2_1647332785.png,SP_m-y-l-c-n-c-mutosi-9-l-i-mp592h-bk
72ef092c-e,592h_bk-1_1647332785.png,https://locnuocthongminh.com/wp-content/uploads/2023/01/592h_bk-1_1647332785.png,SP_m-y-l-c-n-c-mutosi-9-l-i-mp592h-bk
e1f37983-e,592h_bk_1647332785.png,https://locnuocthongminh.com/wp-content/uploads/2023/01/592h_bk_1647332785.png,SP_m-y-l-c-n-c-mutosi-9-l-i-mp592h-bk
eb9508da-e,3-1.jpg,https://locnuocthongminh.com/wp-content/uploads/2023/01/3-1.jpg,SP_m-y-l-c-n-c-mutosi-9-l-i-mp592h-bk
43ddebff-4,may-loc-nuoc-mutosi-9_1621072885.png,https://locnuocthongminh.com/wp-content/uploads/2023/01/may-loc-nuoc-mutosi-9_1621072885.png,SP_m-y-l-c-n-c-mutosi-mp-291-nc
b214aa8f-b,may-loc-nuoc-mutosi-8_1621072885.png,https://locnuocthongminh.com/wp-content/uploads/2023/01/may-loc-nuoc-mutosi-8_1621072885.png,SP_m-y-l-c-n-c-mutosi-mp-291-nc
6150f789-b,mp-281_1631613077-1.png,https://locnuocthongminh.com/wp-content/uploads/2023/01/mp-281_1631613077-1.png,SP_m-y-l-c-n-c-mutosi-mp-7100m
2000c7cb-3,may-loc-nuoc-mutosi-8_1631613084.png,https://locnuocthongminh.com/wp-content/uploads/2023/01/may-loc-nuoc-mutosi-8_1631613084.png,SP_m-y-l-c-n-c-mutosi-mp-7100m
54ad4676-6,may-loc-nuoc-mutosi-9_1631613084.png,https://locnuocthongminh.com/wp-content/uploads/2023/01/may-loc-nuoc-mutosi-9_1631613084.png,SP_m-y-l-c-n-c-mutosi-mp-7100m
ccda4499-1,3_1647249780-1.png,https://locnuocthongminh.com/wp-content/uploads/2023/01/3_1647249780-1.png,SP_m-y-l-c-n-c-mutosi-truesmart-mp-ts100
cca072e4-e,2_1647249780.png,https://locnuocthongminh.com/wp-content/uploads/2023/01/2_1647249780.png,SP_m-y-l-c-n-c-mutosi-truesmart-mp-ts100
ac3cb97b-8,4_1647249780.png,https://locnuocthongminh.com/wp-content/uploads/2023/01/4_1647249780.png,SP_m-y-l-c-n-c-mutosi-truesmart-mp-ts100
7d57e69e-b,1_1647249780.png,https://locnuocthongminh.com/wp-content/uploads/2023/01/1_1647249780.png,SP_m-y-l-c-n-c-mutosi-truesmart-mp-ts100
a75dbb2e-6,c102_3_1647330488-1.png,https://locnuocthongminh.com/wp-content/uploads/2023/01/c102_3_1647330488-1.png,SP_m-y-l-c-n-c-n-ng-l-nh-ngu-i-10-l-i-mp-c102-mhc
cdd8d804-1,may-loc-nuoc-mutosi-9_1621072885.png,https://locnuocthongminh.com/wp-content/uploads/2023/01/may-loc-nuoc-mutosi-9_1621072885.png,SP_m-y-l-c-n-c-n-ng-l-nh-ngu-i-10-l-i-mp-c102-mhc
431497a2-8,may-loc-nuoc-mutosi-8_1621072885.png,https://locnuocthongminh.com/wp-content/uploads/2023/01/may-loc-nuoc-mutosi-8_1621072885.png,SP_m-y-l-c-n-c-n-ng-l-nh-ngu-i-10-l-i-mp-c102-mhc
da4b583d-1,may-loc-nuoc-nong-lanh-mutosi-mpc102mhc-3_1624624567-1.png,https://locnuocthongminh.com/wp-content/uploads/2023/01/may-loc-nuoc-nong-lanh-mutosi-mpc102mhc-3_1624624567-1.png,SP_m-y-l-c-n-c-n-ng-l-nh-ngu-i-10-l-i-mp-c102-mhc
73982e73-6,may-loc-nuoc-nong-lanh-mutosi-mpc102mhc-4_1624624567-1.png,https://locnuocthongminh.com/wp-content/uploads/2023/01/may-loc-nuoc-nong-lanh-mutosi-mpc102mhc-4_1624624567-1.png,SP_m-y-l-c-n-c-n-ng-l-nh-ngu-i-10-l-i-mp-c102-mhc
1ba4f524-5,MCH-2000E.png,https://locnuocthongminh.com/wp-content/uploads/2023/01/MCH-2000E.png,SP_m-y-s-i-i-u-h-a-ceramic-mutosi-mch-2000e
d5c73e55-7,450-714x714-3_1647243064.png,https://locnuocthongminh.com/wp-content/uploads/2023/01/450-714x714-3_1647243064.png,SP_c-y-n-c-n-ng-l-nh-mutosi-md-450ro-bk
e3693821-e,450r-714x714_1647243058.png,https://locnuocthongminh.com/wp-content/uploads/2023/01/450r-714x714_1647243058.png,SP_c-y-n-c-n-ng-l-nh-mutosi-md-450ro-bk
77038455-5,450-714x714-4_1647243067.png,https://locnuocthongminh.com/wp-content/uploads/2023/01/450-714x714-4_1647243067.png,SP_c-y-n-c-n-ng-l-nh-mutosi-md-450ro-bk
c3325732-f,cay-nuoc-nong-lanh-tich-hop-ro-mutosi-md450-2-714-2_1612155765.png,https://locnuocthongminh.com/wp-content/uploads/2023/01/cay-nuoc-nong-lanh-tich-hop-ro-mutosi-md450-2-714-2_1612155765.png,SP_c-y-n-c-n-ng-l-nh-mutosi-md-450ro
5bae0003-9,26_1621493991.png,https://locnuocthongminh.com/wp-content/uploads/2023/01/26_1621493991.png,SP_ma-y-hu-t-mu-i-ki-nh-cong-mutosi-mh-33b-70c
1183fc8b-1,may-ep-cham-mj86_1623060330.png,https://locnuocthongminh.com/wp-content/uploads/2023/01/may-ep-cham-mj86_1623060330.png,SP_e7937657
72160915-b,mj-86r.png,https://locnuocthongminh.com/wp-content/uploads/2023/01/mj-86r.png,SP_e7937657
50a6e81d-2,c102_3_1647330488-1.png,https://locnuocthongminh.com/wp-content/uploads/2023/01/c102_3_1647330488-1.png,SP_m-y-l-c-n-c-n-ng-l-nh-ngu-i-10-l-i-mp-c102-mhc
6850ae8f-a,may-loc-nuoc-mutosi-9_1621072885.png,https://locnuocthongminh.com/wp-content/uploads/2023/01/may-loc-nuoc-mutosi-9_1621072885.png,SP_m-y-l-c-n-c-n-ng-l-nh-ngu-i-10-l-i-mp-c102-mhc
de160861-2,may-loc-nuoc-mutosi-8_1621072885.png,https://locnuocthongminh.com/wp-content/uploads/2023/01/may-loc-nuoc-mutosi-8_1621072885.png,SP_m-y-l-c-n-c-n-ng-l-nh-ngu-i-10-l-i-mp-c102-mhc
5feab2bb-9,may-loc-nuoc-nong-lanh-mutosi-mpc102mhc-3_1624624567-1.png,https://locnuocthongminh.com/wp-content/uploads/2023/01/may-loc-nuoc-nong-lanh-mutosi-mpc102mhc-3_1624624567-1.png,SP_m-y-l-c-n-c-n-ng-l-nh-ngu-i-10-l-i-mp-c102-mhc
2eecb17f-0,may-loc-nuoc-nong-lanh-mutosi-mpc102mhc-4_1624624567-1.png,https://locnuocthongminh.com/wp-content/uploads/2023/01/may-loc-nuoc-nong-lanh-mutosi-mpc102mhc-4_1624624567-1.png,SP_m-y-l-c-n-c-n-ng-l-nh-ngu-i-10-l-i-mp-c102-mhc
a06cbf2d-e,450-714x714-3_1647243174.png,https://locnuocthongminh.com/wp-content/uploads/2023/01/450-714x714-3_1647243174.png,SP_c-y-n-c-n-ng-l-nh-mutosi-md-450bk
99ed520e-7,450-714x714-4_1647243177.png,https://locnuocthongminh.com/wp-content/uploads/2023/01/450-714x714-4_1647243177.png,SP_c-y-n-c-n-ng-l-nh-mutosi-md-450bk
108c3938-1,450-714x714-2_1647243170.png,https://locnuocthongminh.com/wp-content/uploads/2023/01/450-714x714-2_1647243170.png,SP_c-y-n-c-n-ng-l-nh-mutosi-md-450bk
dedba3be-4,cay-nuoc-nong-lanh-tich-hop-ro-mutosi-md450-2-714-2_1612155765.png,https://locnuocthongminh.com/wp-content/uploads/2023/01/cay-nuoc-nong-lanh-tich-hop-ro-mutosi-md450-2-714-2_1612155765.png,SP_c-y-n-c-n-ng-l-nh-mutosi-md-450ro
6f2f9d00-3,450-714x714-3_1647243064.png,https://locnuocthongminh.com/wp-content/uploads/2023/01/450-714x714-3_1647243064.png,SP_c-y-n-c-n-ng-l-nh-mutosi-md-450ro-bk
f7a75fd7-5,450r-714x714_1647243058.png,https://locnuocthongminh.com/wp-content/uploads/2023/01/450r-714x714_1647243058.png,SP_c-y-n-c-n-ng-l-nh-mutosi-md-450ro-bk
99e7e764-d,450-714x714-4_1647243067.png,https://locnuocthongminh.com/wp-content/uploads/2023/01/450-714x714-4_1647243067.png,SP_c-y-n-c-n-ng-l-nh-mutosi-md-450ro-bk
a26a768f-4,cay-nuoc-nong-lanh-tich-hop-ro-mutosi-md450-1-714_1608708111.png,https://locnuocthongminh.com/wp-content/uploads/2023/01/cay-nuoc-nong-lanh-tich-hop-ro-mutosi-md450-1-714_1608708111.png,SP_c-y-n-c-n-ng-l-nh-mutosi-md-450roq-office
f471a369-b,cay-nuoc-nong-lanh-tich-hop-ro-mutosi-md450-2-714_1608708111.png,https://locnuocthongminh.com/wp-content/uploads/2023/01/cay-nuoc-nong-lanh-tich-hop-ro-mutosi-md450-2-714_1608708111.png,SP_c-y-n-c-n-ng-l-nh-mutosi-md-450roq-office
de1e0501-6,cay-nuoc-nong-lanh-tich-hop-ro-mutosi-md450-3714_1608708111.png,https://locnuocthongminh.com/wp-content/uploads/2023/01/cay-nuoc-nong-lanh-tich-hop-ro-mutosi-md450-3714_1608708111.png,SP_c-y-n-c-n-ng-l-nh-mutosi-md-450roq-office
2ead58d9-5,cay-nuoc-nong-lanh-tich-hop-ro-mutosi-md450-4714_1609305158.png,https://locnuocthongminh.com/wp-content/uploads/2023/01/cay-nuoc-nong-lanh-tich-hop-ro-mutosi-md450-4714_1609305158.png,SP_c-y-n-c-n-ng-l-nh-mutosi-md-450roq-office
edd10136-8,cay-nuoc-nong-lanh-tich-hop-ro-mutosi-md450-5714_1608708119.png,https://locnuocthongminh.com/wp-content/uploads/2023/01/cay-nuoc-nong-lanh-tich-hop-ro-mutosi-md450-5714_1608708119.png,SP_c-y-n-c-n-ng-l-nh-mutosi-md-450roq-office
1e3390e7-c,cay-nuoc-nong-lanh-tich-hop-ro-mutosi-md450-6714_1608708119.png,https://locnuocthongminh.com/wp-content/uploads/2023/01/cay-nuoc-nong-lanh-tich-hop-ro-mutosi-md450-6714_1608708119.png,SP_c-y-n-c-n-ng-l-nh-mutosi-md-450roq-office
b6bff9da-4,cay-nuoc-nong-lanh-tich-hop-ro-mutosi-md450-7714_1608708119.png,https://locnuocthongminh.com/wp-content/uploads/2023/01/cay-nuoc-nong-lanh-tich-hop-ro-mutosi-md450-7714_1608708119.png,SP_c-y-n-c-n-ng-l-nh-mutosi-md-450roq-office
73cfe15c-3,cay-nuoc-nong-lanh-tich-hop-ro-mutosi-md450-8714_1609305205.png,https://locnuocthongminh.com/wp-content/uploads/2023/01/cay-nuoc-nong-lanh-tich-hop-ro-mutosi-md450-8714_1609305205.png,SP_c-y-n-c-n-ng-l-nh-mutosi-md-450roq-office
3be21f91-1,may-loc-nuoc-ban-cong-nghiep-mutosi-30l-3_1612253692.png,https://locnuocthongminh.com/wp-content/uploads/2023/01/may-loc-nuoc-ban-cong-nghiep-mutosi-30l-3_1612253692.png,SP_m-y-l-c-n-c-b-n-c-ng-nghi-p-mutosi-30l-h-mp-30
b595bb76-6,30l-4_1593853000.png,https://locnuocthongminh.com/wp-content/uploads/2023/01/30l-4_1593853000.png,SP_m-y-l-c-n-c-b-n-c-ng-nghi-p-mutosi-30l-h-mp-30
ea5fe0bb-9,may-loc-nuoc-ban-cong-nghiep-mutosi-30l-1_1612253686.png,https://locnuocthongminh.com/wp-content/uploads/2023/01/may-loc-nuoc-ban-cong-nghiep-mutosi-30l-1_1612253686.png,SP_m-y-l-c-n-c-b-n-c-ng-nghi-p-mutosi-30l-h-mp-30
aa01b143-1,may-loc-nuoc-ban-cong-nghiep-mutosi-30l-2_1612253692.png,https://locnuocthongminh.com/wp-content/uploads/2023/01/may-loc-nuoc-ban-cong-nghiep-mutosi-30l-2_1612253692.png,SP_m-y-l-c-n-c-b-n-c-ng-nghi-p-mutosi-30l-h-mp-30
caa1165b-e,may-loc-nuoc-ban-cong-nghiep-mutosi-50l-3_1612254847.png,https://locnuocthongminh.com/wp-content/uploads/2023/01/may-loc-nuoc-ban-cong-nghiep-mutosi-50l-3_1612254847.png,SP_m-y-l-c-n-c-b-n-c-ng-nghi-p-mutosi-50l-h
07dfaed9-c,may-loc-nuoc-ban-cong-nghiep-mutosi-50l-2_1612254839.png,https://locnuocthongminh.com/wp-content/uploads/2023/01/may-loc-nuoc-ban-cong-nghiep-mutosi-50l-2_1612254839.png,SP_m-y-l-c-n-c-b-n-c-ng-nghi-p-mutosi-50l-h
059d69e1-b,may-loc-nuoc-ban-cong-nghiep-mutosi-50l-1_1612254847.png,https://locnuocthongminh.com/wp-content/uploads/2023/01/may-loc-nuoc-ban-cong-nghiep-mutosi-50l-1_1612254847.png,SP_m-y-l-c-n-c-b-n-c-ng-nghi-p-mutosi-50l-h
c58bf951-e,50l-1_1593853831.png,https://locnuocthongminh.com/wp-content/uploads/2023/01/50l-1_1593853831.png,SP_m-y-l-c-n-c-b-n-c-ng-nghi-p-mutosi-50l-h
52f21e78-1,bcn-80-1_1612327328.png,https://locnuocthongminh.com/wp-content/uploads/2023/01/bcn-80-1_1612327328.png,SP_m-y-l-c-n-c-b-n-c-ng-nghi-p-mutosi-80l-h-mp-80
0d0d80ee-4,bcn-80-2_1612327338.png,https://locnuocthongminh.com/wp-content/uploads/2023/01/bcn-80-2_1612327338.png,SP_m-y-l-c-n-c-b-n-c-ng-nghi-p-mutosi-80l-h-mp-80
80d3ce96-f,bcn-80-3_1612327338.png,https://locnuocthongminh.com/wp-content/uploads/2023/01/bcn-80-3_1612327338.png,SP_m-y-l-c-n-c-b-n-c-ng-nghi-p-mutosi-80l-h-mp-80
4cb30c32-1,loi-20-in-so-3_1595326910.png,https://locnuocthongminh.com/wp-content/uploads/2023/01/loi-20-in-so-3_1595326910.png,SP_m-y-l-c-n-c-b-n-c-ng-nghi-p-mutosi-80l-h-mp-80
8241708f-3,loi-20-in_1595326910.png,https://locnuocthongminh.com/wp-content/uploads/2023/01/loi-20-in_1595326910.png,SP_m-y-l-c-n-c-b-n-c-ng-nghi-p-mutosi-80l-h-mp-80
b9d8afab-8,may-loc-nuoc-ban-cong-nghiep-mutosi-50l_1641450261.png,https://locnuocthongminh.com/wp-content/uploads/2023/01/may-loc-nuoc-ban-cong-nghiep-mutosi-50l_1641450261.png,SP_m-y-l-c-n-c-ro-b-n-c-ng-nghi-p-mutosi-mp-50hic-50-l-h
4b6d234f-c,may-loc-nuoc-ban-cong-nghiep-mutosi-50l-2_1641450255.png,https://locnuocthongminh.com/wp-content/uploads/2023/01/may-loc-nuoc-ban-cong-nghiep-mutosi-50l-2_1641450255.png,SP_m-y-l-c-n-c-ro-b-n-c-ng-nghi-p-mutosi-mp-50hic-50-l-h
5c66c675-8,may-loc-nuoc-ban-cong-nghiep-mutosi-50l-3_1641450272.png,https://locnuocthongminh.com/wp-content/uploads/2023/01/may-loc-nuoc-ban-cong-nghiep-mutosi-50l-3_1641450272.png,SP_m-y-l-c-n-c-ro-b-n-c-ng-nghi-p-mutosi-mp-50hic-50-l-h
63a9b988-a,MCH-2000E.png,https://locnuocthongminh.com/wp-content/uploads/2023/01/MCH-2000E.png,SP_m-y-s-i-i-u-h-a-ceramic-mutosi-mch-2000e
61be5657-4,450-714x714-3_1647243064.png,https://locnuocthongminh.com/wp-content/uploads/2023/01/450-714x714-3_1647243064.png,SP_c-y-n-c-n-ng-l-nh-mutosi-md-450ro-bk
deb22c4c-5,450r-714x714_1647243058.png,https://locnuocthongminh.com/wp-content/uploads/2023/01/450r-714x714_1647243058.png,SP_c-y-n-c-n-ng-l-nh-mutosi-md-450ro-bk
60ffab82-b,450-714x714-4_1647243067.png,https://locnuocthongminh.com/wp-content/uploads/2023/01/450-714x714-4_1647243067.png,SP_c-y-n-c-n-ng-l-nh-mutosi-md-450ro-bk
3f971531-a,cay-nuoc-nong-lanh-tich-hop-ro-mutosi-md450-2-714-2_1612155765.png,https://locnuocthongminh.com/wp-content/uploads/2023/01/cay-nuoc-nong-lanh-tich-hop-ro-mutosi-md450-2-714-2_1612155765.png,SP_c-y-n-c-n-ng-l-nh-mutosi-md-450ro
f91e4424-4,26_1621493991.png,https://locnuocthongminh.com/wp-content/uploads/2023/01/26_1621493991.png,SP_ma-y-hu-t-mu-i-ki-nh-cong-mutosi-mh-33b-70c
0aa88426-6,may-ep-cham-mj86_1623060330.png,https://locnuocthongminh.com/wp-content/uploads/2023/01/may-ep-cham-mj86_1623060330.png,SP_e8a1fe67
897fd2b1-d,mj-86r.png,https://locnuocthongminh.com/wp-content/uploads/2023/01/mj-86r.png,SP_e8a1fe67
c30df8be-9,c102_3_1647330488-1.png,https://locnuocthongminh.com/wp-content/uploads/2023/01/c102_3_1647330488-1.png,SP_m-y-l-c-n-c-n-ng-l-nh-ngu-i-10-l-i-mp-c102-mhc
3c612260-1,may-loc-nuoc-mutosi-9_1621072885.png,https://locnuocthongminh.com/wp-content/uploads/2023/01/may-loc-nuoc-mutosi-9_1621072885.png,SP_m-y-l-c-n-c-n-ng-l-nh-ngu-i-10-l-i-mp-c102-mhc
bdf6c0cd-b,may-loc-nuoc-mutosi-8_1621072885.png,https://locnuocthongminh.com/wp-content/uploads/2023/01/may-loc-nuoc-mutosi-8_1621072885.png,SP_m-y-l-c-n-c-n-ng-l-nh-ngu-i-10-l-i-mp-c102-mhc
8d2b09a6-4,may-loc-nuoc-nong-lanh-mutosi-mpc102mhc-3_1624624567-1.png,https://locnuocthongminh.com/wp-content/uploads/2023/01/may-loc-nuoc-nong-lanh-mutosi-mpc102mhc-3_1624624567-1.png,SP_m-y-l-c-n-c-n-ng-l-nh-ngu-i-10-l-i-mp-c102-mhc
fb7da3d7-3,may-loc-nuoc-nong-lanh-mutosi-mpc102mhc-4_1624624567-1.png,https://locnuocthongminh.com/wp-content/uploads/2023/01/may-loc-nuoc-nong-lanh-mutosi-mpc102mhc-4_1624624567-1.png,SP_m-y-l-c-n-c-n-ng-l-nh-ngu-i-10-l-i-mp-c102-mhc
da60d6f3-5,may-ep-cham-mj86_1623060330.png,https://locnuocthongminh.com/wp-content/uploads/2023/01/may-ep-cham-mj86_1623060330.png,SP_5fef5c95
c3d307b0-7,mj-86r.png,https://locnuocthongminh.com/wp-content/uploads/2023/01/mj-86r.png,SP_5fef5c95
430395b0-9,13_1621494904.png,https://locnuocthongminh.com/wp-content/uploads/2023/01/13_1621494904.png,SP_m-un-si-u-t-c-mutosi-mk-18
6cf1b712-9,14_1621494390.png,https://locnuocthongminh.com/wp-content/uploads/2023/01/14_1621494390.png,SP_m-un-si-u-t-c-mutosi-mk-18
b2e306c8-f,12_1621494936.png,https://locnuocthongminh.com/wp-content/uploads/2023/01/12_1621494936.png,SP_m-si-u-t-c-mutosi-mk-16
84f3b4a1-3,11_1621494364.png,https://locnuocthongminh.com/wp-content/uploads/2023/01/11_1621494364.png,SP_m-si-u-t-c-mutosi-mk-16
981a65a0-1,md95_1620973918.png,https://locnuocthongminh.com/wp-content/uploads/2023/01/md95_1620973918.png,SP_b-p-i-n-t-i-mi-95d
555b1f4c-3,MI-95D-2.jpg,https://locnuocthongminh.com/wp-content/uploads/2023/01/MI-95D-2.jpg,SP_b-p-i-n-t-i-mi-95d
61c5abc1-9,MI-95D-1.jpg,https://locnuocthongminh.com/wp-content/uploads/2023/01/MI-95D-1.jpg,SP_b-p-i-n-t-i-mi-95d
cc5c60bd-d,MI-95D-4.jpg,https://locnuocthongminh.com/wp-content/uploads/2023/01/MI-95D-4.jpg,SP_b-p-i-n-t-i-mi-95d
72bcc262-5,MI-95D-52.jpg,https://locnuocthongminh.com/wp-content/uploads/2023/01/MI-95D-52.jpg,SP_b-p-i-n-t-i-mi-95d
a83f9dbc-6,MI-95D-72.jpg,https://locnuocthongminh.com/wp-content/uploads/2023/01/MI-95D-72.jpg,SP_b-p-i-n-t-i-mi-95d
c1bafe50-f,z2305786366214_54eb575861197a481753422093db3ccd_1611990986.jpg,https://locnuocthongminh.com/wp-content/uploads/2023/01/z2305786366214_54eb575861197a481753422093db3ccd_1611990986.jpg,SP_b-p-i-n-t-i-mi-95d
f926b394-1,bep-tu-mutosi-mr58_1587973788-1.png,https://locnuocthongminh.com/wp-content/uploads/2023/01/bep-tu-mutosi-mr58_1587973788-1.png,SP_b-p-i-n-t-n-mi88
5c979c32-c,bep-tu-mutosi-mr58_1587973788-2.png,https://locnuocthongminh.com/wp-content/uploads/2023/01/bep-tu-mutosi-mr58_1587973788-2.png,SP_b-p-i-n-t-n-mi88
1d2e2b1e-e,bep-tu-mutosi-mr58_1587973788.png,https://locnuocthongminh.com/wp-content/uploads/2023/01/bep-tu-mutosi-mr58_1587973788.png,SP_b-p-i-n-t-n-mi88
e0196351-9,bep-ga-am-mutosi-2_1634528994.png,https://locnuocthongminh.com/wp-content/uploads/2023/01/bep-ga-am-mutosi-2_1634528994.png,SP_b-p-ga-m-c-mg-56c
c0bf3309-c,bep-ga-am-mutosi-5_1634529010.png,https://locnuocthongminh.com/wp-content/uploads/2023/01/bep-ga-am-mutosi-5_1634529010.png,SP_b-p-ga-m-c-mg-56c
b24de574-1,bep-ga-am-mutosi-4_1634529010.png,https://locnuocthongminh.com/wp-content/uploads/2023/01/bep-ga-am-mutosi-4_1634529010.png,SP_b-p-ga-m-c-mg-56c
713389f3-c,bep-ga-am-mutosi-3_1634529010.png,https://locnuocthongminh.com/wp-content/uploads/2023/01/bep-ga-am-mutosi-3_1634529010.png,SP_b-p-ga-m-c-mg-56c
ecbefb97-0,bep-ga-am-mutosi-1_1634529010.png,https://locnuocthongminh.com/wp-content/uploads/2023/01/bep-ga-am-mutosi-1_1634529010.png,SP_b-p-ga-m-c-mg-56c
68902e42-6,bep-ga-am-pin-mg58p_1648195440.png,https://locnuocthongminh.com/wp-content/uploads/2023/01/bep-ga-am-pin-mg58p_1648195440.png,SP_b-p-ga-m-pin-mg-58p
2819dfab-5,Bep-ga-am-pin-Mutosi-MG58P.png,https://locnuocthongminh.com/wp-content/uploads/2023/01/Bep-ga-am-pin-Mutosi-MG58P.png,SP_b-p-ga-m-pin-mg-58p
64d42a7e-7,bep-ga-am-mutosi_1626233412.png,https://locnuocthongminh.com/wp-content/uploads/2023/01/bep-ga-am-mutosi_1626233412.png,SP_b-p-ga-m-pin-mg-68p
267bad83-c,untitled-14_1606900146-1.png,https://locnuocthongminh.com/wp-content/uploads/2023/01/untitled-14_1606900146-1.png,SP_b-p-ga-d-ng-mg-36b
098b1d8d-3,MG-36B-7.jpg,https://locnuocthongminh.com/wp-content/uploads/2023/01/MG-36B-7.jpg,SP_b-p-ga-d-ng-mg-36b
cdf6f682-2,38b-web_1647415558.png,https://locnuocthongminh.com/wp-content/uploads/2023/01/38b-web_1647415558.png,SP_b-p-ga-d-ng-mg-38b
cc7a3283-1,MG-38B-7.jpg,https://locnuocthongminh.com/wp-content/uploads/2023/01/MG-38B-7.jpg,SP_b-p-ga-d-ng-mg-38b
06e873a8-c,bep-ga-mutosi-mg-66m-1_1638787226.png,https://locnuocthongminh.com/wp-content/uploads/2023/01/bep-ga-mutosi-mg-66m-1_1638787226.png,SP_b-p-ga-d-ng-mg66-m
590c4782-4,bep-ga-mutosi-mg-66m-11_1638787238.png,https://locnuocthongminh.com/wp-content/uploads/2023/01/bep-ga-mutosi-mg-66m-11_1638787238.png,SP_b-p-ga-d-ng-mg66-m
0519f4e1-3,bep-ga-mutosi-mg-66m-10_1638787238.png,https://locnuocthongminh.com/wp-content/uploads/2023/01/bep-ga-mutosi-mg-66m-10_1638787238.png,SP_b-p-ga-d-ng-mg66-m
098d162c-5,bep-ga-mutosi-mg-66m-7_1638787238.png,https://locnuocthongminh.com/wp-content/uploads/2023/01/bep-ga-mutosi-mg-66m-7_1638787238.png,SP_b-p-ga-d-ng-mg66-m
48f09e85-c,bep-ga-mutosi-mg-66m-3_1638787238.png,https://locnuocthongminh.com/wp-content/uploads/2023/01/bep-ga-mutosi-mg-66m-3_1638787238.png,SP_b-p-ga-d-ng-mg66-m
31ff4700-6,bep-ga-mutosi-mg-66m-4_1638787238.png,https://locnuocthongminh.com/wp-content/uploads/2023/01/bep-ga-mutosi-mg-66m-4_1638787238.png,SP_b-p-ga-d-ng-mg66-m
7ccaaf16-4,bep-tu-mutosi-mi86-1_1639017267.png,https://locnuocthongminh.com/wp-content/uploads/2023/01/bep-tu-mutosi-mi86-1_1639017267.png,SP_b-p-t-i-mutosi-mi-86d
6cf14049-d,bep-tu-mutosi-mi86-6_1639017275.png,https://locnuocthongminh.com/wp-content/uploads/2023/01/bep-tu-mutosi-mi86-6_1639017275.png,SP_b-p-t-i-mutosi-mi-86d
4032b45c-6,bep-tu-mutosi-mi86-5_1639017275.png,https://locnuocthongminh.com/wp-content/uploads/2023/01/bep-tu-mutosi-mi86-5_1639017275.png,SP_b-p-t-i-mutosi-mi-86d
e2f2848d-b,bep-tu-mutosi-mi86-4_1639017275.png,https://locnuocthongminh.com/wp-content/uploads/2023/01/bep-tu-mutosi-mi86-4_1639017275.png,SP_b-p-t-i-mutosi-mi-86d
fa670e28-f,bep-tu-mutosi-mi86-3_1639017275.png,https://locnuocthongminh.com/wp-content/uploads/2023/01/bep-tu-mutosi-mi86-3_1639017275.png,SP_b-p-t-i-mutosi-mi-86d
e17240ee-3,bep-tu-mutosi-mi86-2_1639017275.png,https://locnuocthongminh.com/wp-content/uploads/2023/01/bep-tu-mutosi-mi86-2_1639017275.png,SP_b-p-t-i-mutosi-mi-86d
b0749033-2,bep-ga-am-pin-mg58p_1648195440.png,https://locnuocthongminh.com/wp-content/uploads/2023/01/bep-ga-am-pin-mg58p_1648195440.png,SP_b-p-ga-m-pin-mg-58p
2f1dd8e7-9,Bep-ga-am-pin-Mutosi-MG58P.png,https://locnuocthongminh.com/wp-content/uploads/2023/01/Bep-ga-am-pin-Mutosi-MG58P.png,SP_b-p-ga-m-pin-mg-58p
282dbd99-b,bep-ga-am-mutosi_1626233412.png,https://locnuocthongminh.com/wp-content/uploads/2023/01/bep-ga-am-mutosi_1626233412.png,SP_b-p-ga-m-pin-mg-68p
2f83b6e6-7,untitled-14_1606900146-1.png,https://locnuocthongminh.com/wp-content/uploads/2023/01/untitled-14_1606900146-1.png,SP_b-p-ga-d-ng-mg-36b
ba6d89b3-f,MG-36B-7.jpg,https://locnuocthongminh.com/wp-content/uploads/2023/01/MG-36B-7.jpg,SP_b-p-ga-d-ng-mg-36b
839abcf4-4,38b-web_1647415558.png,https://locnuocthongminh.com/wp-content/uploads/2023/01/38b-web_1647415558.png,SP_b-p-ga-d-ng-mg-38b
005b5e61-a,MG-38B-7.jpg,https://locnuocthongminh.com/wp-content/uploads/2023/01/MG-38B-7.jpg,SP_b-p-ga-d-ng-mg-38b
92026e52-4,bep-ga-mutosi-mg-66m-1_1638787226.png,https://locnuocthongminh.com/wp-content/uploads/2023/01/bep-ga-mutosi-mg-66m-1_1638787226.png,SP_b-p-ga-d-ng-mg66-m
b2947336-f,bep-ga-mutosi-mg-66m-11_1638787238.png,https://locnuocthongminh.com/wp-content/uploads/2023/01/bep-ga-mutosi-mg-66m-11_1638787238.png,SP_b-p-ga-d-ng-mg66-m
62db6569-1,bep-ga-mutosi-mg-66m-10_1638787238.png,https://locnuocthongminh.com/wp-content/uploads/2023/01/bep-ga-mutosi-mg-66m-10_1638787238.png,SP_b-p-ga-d-ng-mg66-m
ed571c55-9,bep-ga-mutosi-mg-66m-7_1638787238.png,https://locnuocthongminh.com/wp-content/uploads/2023/01/bep-ga-mutosi-mg-66m-7_1638787238.png,SP_b-p-ga-d-ng-mg66-m
9e21d007-5,bep-ga-mutosi-mg-66m-3_1638787238.png,https://locnuocthongminh.com/wp-content/uploads/2023/01/bep-ga-mutosi-mg-66m-3_1638787238.png,SP_b-p-ga-d-ng-mg66-m
7379be29-1,bep-ga-mutosi-mg-66m-4_1638787238.png,https://locnuocthongminh.com/wp-content/uploads/2023/01/bep-ga-mutosi-mg-66m-4_1638787238.png,SP_b-p-ga-d-ng-mg66-m
fb33a862-2,md95_1620973918.png,https://locnuocthongminh.com/wp-content/uploads/2023/01/md95_1620973918.png,SP_b-p-i-n-t-i-mi-95d
768d5a95-8,MI-95D-2.jpg,https://locnuocthongminh.com/wp-content/uploads/2023/01/MI-95D-2.jpg,SP_b-p-i-n-t-i-mi-95d
3b2c8d82-9,MI-95D-1.jpg,https://locnuocthongminh.com/wp-content/uploads/2023/01/MI-95D-1.jpg,SP_b-p-i-n-t-i-mi-95d
2126c5c3-f,MI-95D-4.jpg,https://locnuocthongminh.com/wp-content/uploads/2023/01/MI-95D-4.jpg,SP_b-p-i-n-t-i-mi-95d
f0cecc07-a,MI-95D-52.jpg,https://locnuocthongminh.com/wp-content/uploads/2023/01/MI-95D-52.jpg,SP_b-p-i-n-t-i-mi-95d
4069881f-5,MI-95D-72.jpg,https://locnuocthongminh.com/wp-content/uploads/2023/01/MI-95D-72.jpg,SP_b-p-i-n-t-i-mi-95d
8aed0f3e-5,z2305786366214_54eb575861197a481753422093db3ccd_1611990986.jpg,https://locnuocthongminh.com/wp-content/uploads/2023/01/z2305786366214_54eb575861197a481753422093db3ccd_1611990986.jpg,SP_b-p-i-n-t-i-mi-95d
fd4f634a-d,bep-tu-mutosi-mr58_1587973788-1.png,https://locnuocthongminh.com/wp-content/uploads/2023/01/bep-tu-mutosi-mr58_1587973788-1.png,SP_b-p-i-n-t-n-mi88
73442623-8,bep-tu-mutosi-mr58_1587973788-2.png,https://locnuocthongminh.com/wp-content/uploads/2023/01/bep-tu-mutosi-mr58_1587973788-2.png,SP_b-p-i-n-t-n-mi88
8e64bcb6-b,bep-tu-mutosi-mr58_1587973788.png,https://locnuocthongminh.com/wp-content/uploads/2023/01/bep-tu-mutosi-mr58_1587973788.png,SP_b-p-i-n-t-n-mi88
e9b1fb0e-2,bep-ga-am-mutosi-2_1634528994.png,https://locnuocthongminh.com/wp-content/uploads/2023/01/bep-ga-am-mutosi-2_1634528994.png,SP_b-p-ga-m-c-mg-56c
0624e4e8-5,bep-ga-am-mutosi-5_1634529010.png,https://locnuocthongminh.com/wp-content/uploads/2023/01/bep-ga-am-mutosi-5_1634529010.png,SP_b-p-ga-m-c-mg-56c
8c7b7874-6,bep-ga-am-mutosi-4_1634529010.png,https://locnuocthongminh.com/wp-content/uploads/2023/01/bep-ga-am-mutosi-4_1634529010.png,SP_b-p-ga-m-c-mg-56c
0ee4b9f7-0,bep-ga-am-mutosi-3_1634529010.png,https://locnuocthongminh.com/wp-content/uploads/2023/01/bep-ga-am-mutosi-3_1634529010.png,SP_b-p-ga-m-c-mg-56c
17d600f7-2,bep-ga-am-mutosi-1_1634529010.png,https://locnuocthongminh.com/wp-content/uploads/2023/01/bep-ga-am-mutosi-1_1634529010.png,SP_b-p-ga-m-c-mg-56c
bf4855d7-7,bep-tu-mutosi-mi86-1_1639017267.png,https://locnuocthongminh.com/wp-content/uploads/2023/01/bep-tu-mutosi-mi86-1_1639017267.png,SP_b-p-t-i-mutosi-mi-86d
aef854ad-8,bep-tu-mutosi-mi86-6_1639017275.png,https://locnuocthongminh.com/wp-content/uploads/2023/01/bep-tu-mutosi-mi86-6_1639017275.png,SP_b-p-t-i-mutosi-mi-86d
af7ff00e-e,bep-tu-mutosi-mi86-5_1639017275.png,https://locnuocthongminh.com/wp-content/uploads/2023/01/bep-tu-mutosi-mi86-5_1639017275.png,SP_b-p-t-i-mutosi-mi-86d
0b2e1379-6,bep-tu-mutosi-mi86-4_1639017275.png,https://locnuocthongminh.com/wp-content/uploads/2023/01/bep-tu-mutosi-mi86-4_1639017275.png,SP_b-p-t-i-mutosi-mi-86d
e62751a5-5,bep-tu-mutosi-mi86-3_1639017275.png,https://locnuocthongminh.com/wp-content/uploads/2023/01/bep-tu-mutosi-mi86-3_1639017275.png,SP_b-p-t-i-mutosi-mi-86d
dc172046-7,bep-tu-mutosi-mi86-2_1639017275.png,https://locnuocthongminh.com/wp-content/uploads/2023/01/bep-tu-mutosi-mi86-2_1639017275.png,SP_b-p-t-i-mutosi-mi-86d
7fec9abb-7,bep-tu-doi-mutosi-mi-92d_1629459616.png,https://locnuocthongminh.com/wp-content/uploads/2023/01/bep-tu-doi-mutosi-mi-92d_1629459616.png,SP_b-p-t-i-mutosi-mi-92d
2ed0e389-c,hut-mui-92D-chinh-dien.png,https://locnuocthongminh.com/wp-content/uploads/2023/01/hut-mui-92D-chinh-dien.png,SP_b-p-t-i-mutosi-mi-92d
d377ed4d-b,bep-tu-doi-mutosi-mi-98deu_1648196012.png,https://locnuocthongminh.com/wp-content/uploads/2023/01/bep-tu-doi-mutosi-mi-98deu_1648196012.png,SP_b-p-t-i-mutosi-mi-98deu
21a1f259-5,z3289118478521_7882313430e76ec54057c793f28228da1.png,https://locnuocthongminh.com/wp-content/uploads/2023/01/z3289118478521_7882313430e76ec54057c793f28228da1.png,SP_b-p-t-i-mutosi-mi-98deu
6e2dc8ad-f,bep-tu-mutosi_1585907081.png,https://locnuocthongminh.com/wp-content/uploads/2023/01/bep-tu-mutosi_1585907081.png,SP_b-p-t-n-mutosi-mi-58
ac68ed4e-6,img_4490_1636351909.jpeg,https://locnuocthongminh.com/wp-content/uploads/2023/01/img_4490_1636351909.jpeg,SP_b-p-t-n-mutosi-mi-58
200e55e0-4,img_4496_1636351945.jpeg,https://locnuocthongminh.com/wp-content/uploads/2023/01/img_4496_1636351945.jpeg,SP_b-p-t-n-mutosi-mi-58
83d235f3-9,img_4498_1636351914.jpeg,https://locnuocthongminh.com/wp-content/uploads/2023/01/img_4498_1636351914.jpeg,SP_b-p-t-n-mutosi-mi-58
80f1a8c0-9,img_4526_1636351897.jpeg,https://locnuocthongminh.com/wp-content/uploads/2023/01/img_4526_1636351897.jpeg,SP_b-p-t-n-mutosi-mi-58
4ce61fc3-9,img_4568_1636351932.jpeg,https://locnuocthongminh.com/wp-content/uploads/2023/01/img_4568_1636351932.jpeg,SP_b-p-t-n-mutosi-mi-58
0e1e9b30-7,img_4580_1636351919.jpeg,https://locnuocthongminh.com/wp-content/uploads/2023/01/img_4580_1636351919.jpeg,SP_b-p-t-n-mutosi-mi-58
3798aec6-a,MCH-2000E.png,https://locnuocthongminh.com/wp-content/uploads/2023/01/MCH-2000E.png,SP_m-y-s-i-i-u-h-a-ceramic-mutosi-mch-2000e
9daf75c2-4,450-714x714-3_1647243064.png,https://locnuocthongminh.com/wp-content/uploads/2023/01/450-714x714-3_1647243064.png,SP_c-y-n-c-n-ng-l-nh-mutosi-md-450ro-bk
9534d985-5,450r-714x714_1647243058.png,https://locnuocthongminh.com/wp-content/uploads/2023/01/450r-714x714_1647243058.png,SP_c-y-n-c-n-ng-l-nh-mutosi-md-450ro-bk
639678aa-5,450-714x714-4_1647243067.png,https://locnuocthongminh.com/wp-content/uploads/2023/01/450-714x714-4_1647243067.png,SP_c-y-n-c-n-ng-l-nh-mutosi-md-450ro-bk
ce1d4ca8-2,cay-nuoc-nong-lanh-tich-hop-ro-mutosi-md450-2-714-2_1612155765.png,https://locnuocthongminh.com/wp-content/uploads/2023/01/cay-nuoc-nong-lanh-tich-hop-ro-mutosi-md450-2-714-2_1612155765.png,SP_c-y-n-c-n-ng-l-nh-mutosi-md-450ro
8bf21d47-2,26_1621493991.png,https://locnuocthongminh.com/wp-content/uploads/2023/01/26_1621493991.png,SP_ma-y-hu-t-mu-i-ki-nh-cong-mutosi-mh-33b-70c
7dc5365a-c,may-ep-cham-mj86_1623060330.png,https://locnuocthongminh.com/wp-content/uploads/2023/01/may-ep-cham-mj86_1623060330.png,SP_8b261bc7
ad455661-2,mj-86r.png,https://locnuocthongminh.com/wp-content/uploads/2023/01/mj-86r.png,SP_8b261bc7
80ed1d3f-b,c102_3_1647330488-1.png,https://locnuocthongminh.com/wp-content/uploads/2023/01/c102_3_1647330488-1.png,SP_m-y-l-c-n-c-n-ng-l-nh-ngu-i-10-l-i-mp-c102-mhc
2eaf8cef-d,may-loc-nuoc-mutosi-9_1621072885.png,https://locnuocthongminh.com/wp-content/uploads/2023/01/may-loc-nuoc-mutosi-9_1621072885.png,SP_m-y-l-c-n-c-n-ng-l-nh-ngu-i-10-l-i-mp-c102-mhc
eb09d610-2,may-loc-nuoc-mutosi-8_1621072885.png,https://locnuocthongminh.com/wp-content/uploads/2023/01/may-loc-nuoc-mutosi-8_1621072885.png,SP_m-y-l-c-n-c-n-ng-l-nh-ngu-i-10-l-i-mp-c102-mhc
2ec5eab7-c,may-loc-nuoc-nong-lanh-mutosi-mpc102mhc-3_1624624567-1.png,https://locnuocthongminh.com/wp-content/uploads/2023/01/may-loc-nuoc-nong-lanh-mutosi-mpc102mhc-3_1624624567-1.png,SP_m-y-l-c-n-c-n-ng-l-nh-ngu-i-10-l-i-mp-c102-mhc
eab7eaef-2,may-loc-nuoc-nong-lanh-mutosi-mpc102mhc-4_1624624567-1.png,https://locnuocthongminh.com/wp-content/uploads/2023/01/may-loc-nuoc-nong-lanh-mutosi-mpc102mhc-4_1624624567-1.png,SP_m-y-l-c-n-c-n-ng-l-nh-ngu-i-10-l-i-mp-c102-mhc
05a534b2-2,13_1621494904.png,https://locnuocthongminh.com/wp-content/uploads/2023/01/13_1621494904.png,SP_m-un-si-u-t-c-mutosi-mk-18
50769b53-1,14_1621494390.png,https://locnuocthongminh.com/wp-content/uploads/2023/01/14_1621494390.png,SP_m-un-si-u-t-c-mutosi-mk-18
6258856e-f,12_1621494936.png,https://locnuocthongminh.com/wp-content/uploads/2023/01/12_1621494936.png,SP_m-si-u-t-c-mutosi-mk-16
a090f7ae-0,11_1621494364.png,https://locnuocthongminh.com/wp-content/uploads/2023/01/11_1621494364.png,SP_m-si-u-t-c-mutosi-mk-16
07fe6463-c,MCH-2000E.png,https://locnuocthongminh.com/wp-content/uploads/2023/01/MCH-2000E.png,SP_m-y-s-i-i-u-h-a-ceramic-mutosi-mch-2000e
4e081d81-f,450-714x714-3_1647243064.png,https://locnuocthongminh.com/wp-content/uploads/2023/01/450-714x714-3_1647243064.png,SP_c-y-n-c-n-ng-l-nh-mutosi-md-450ro-bk
34b9bd7d-3,450r-714x714_1647243058.png,https://locnuocthongminh.com/wp-content/uploads/2023/01/450r-714x714_1647243058.png,SP_c-y-n-c-n-ng-l-nh-mutosi-md-450ro-bk
6b26703e-e,450-714x714-4_1647243067.png,https://locnuocthongminh.com/wp-content/uploads/2023/01/450-714x714-4_1647243067.png,SP_c-y-n-c-n-ng-l-nh-mutosi-md-450ro-bk
30fb23ad-4,cay-nuoc-nong-lanh-tich-hop-ro-mutosi-md450-2-714-2_1612155765.png,https://locnuocthongminh.com/wp-content/uploads/2023/01/cay-nuoc-nong-lanh-tich-hop-ro-mutosi-md450-2-714-2_1612155765.png,SP_c-y-n-c-n-ng-l-nh-mutosi-md-450ro
1c001f5f-5,26_1621493991.png,https://locnuocthongminh.com/wp-content/uploads/2023/01/26_1621493991.png,SP_ma-y-hu-t-mu-i-ki-nh-cong-mutosi-mh-33b-70c
839fc5de-3,may-ep-cham-mj86_1623060330.png,https://locnuocthongminh.com/wp-content/uploads/2023/01/may-ep-cham-mj86_1623060330.png,SP_194c0070
5d3b23da-e,mj-86r.png,https://locnuocthongminh.com/wp-content/uploads/2023/01/mj-86r.png,SP_194c0070
44754260-0,c102_3_1647330488-1.png,https://locnuocthongminh.com/wp-content/uploads/2023/01/c102_3_1647330488-1.png,SP_m-y-l-c-n-c-n-ng-l-nh-ngu-i-10-l-i-mp-c102-mhc
0eb11605-9,may-loc-nuoc-mutosi-9_1621072885.png,https://locnuocthongminh.com/wp-content/uploads/2023/01/may-loc-nuoc-mutosi-9_1621072885.png,SP_m-y-l-c-n-c-n-ng-l-nh-ngu-i-10-l-i-mp-c102-mhc
e2c9d52a-9,may-loc-nuoc-mutosi-8_1621072885.png,https://locnuocthongminh.com/wp-content/uploads/2023/01/may-loc-nuoc-mutosi-8_1621072885.png,SP_m-y-l-c-n-c-n-ng-l-nh-ngu-i-10-l-i-mp-c102-mhc
d50e6674-c,may-loc-nuoc-nong-lanh-mutosi-mpc102mhc-3_1624624567-1.png,https://locnuocthongminh.com/wp-content/uploads/2023/01/may-loc-nuoc-nong-lanh-mutosi-mpc102mhc-3_1624624567-1.png,SP_m-y-l-c-n-c-n-ng-l-nh-ngu-i-10-l-i-mp-c102-mhc
f2208e4e-2,may-loc-nuoc-nong-lanh-mutosi-mpc102mhc-4_1624624567-1.png,https://locnuocthongminh.com/wp-content/uploads/2023/01/may-loc-nuoc-nong-lanh-mutosi-mpc102mhc-4_1624624567-1.png,SP_m-y-l-c-n-c-n-ng-l-nh-ngu-i-10-l-i-mp-c102-mhc
57a99fcb-e,noi-ap-suat-mutosi_1616727839.png,https://locnuocthongminh.com/wp-content/uploads/2023/01/noi-ap-suat-mutosi_1616727839.png,SP_n-i-p-su-t-i-n-mutosi-mip-59
7d9ca944-1,noi-ap-suat-mutosi-2_1616727839.png,https://locnuocthongminh.com/wp-content/uploads/2023/01/noi-ap-suat-mutosi-2_1616727839.png,SP_n-i-p-su-t-i-n-mutosi-mip-59
f134d9dc-b,noi-ap-suat-mutosi-3_1616727838.png,https://locnuocthongminh.com/wp-content/uploads/2023/01/noi-ap-suat-mutosi-3_1616727838.png,SP_n-i-p-su-t-i-n-mutosi-mip-59
19accc56-2,noi-ap-suat-mutosi-4_1616727828.png,https://locnuocthongminh.com/wp-content/uploads/2023/01/noi-ap-suat-mutosi-4_1616727828.png,SP_n-i-p-su-t-i-n-mutosi-mip-59
8b944212-b,1_1648458548.png,https://locnuocthongminh.com/wp-content/uploads/2023/01/1_1648458548.png,SP_n-i-c-m-i-n-i-u-khi-n-c-mutosi-mr-56
4c72cbcc-6,2_1648458548.png,https://locnuocthongminh.com/wp-content/uploads/2023/01/2_1648458548.png,SP_n-i-c-m-i-n-i-u-khi-n-c-mutosi-mr-56
65202f43-b,3_1648458548.png,https://locnuocthongminh.com/wp-content/uploads/2023/01/3_1648458548.png,SP_n-i-c-m-i-n-i-u-khi-n-c-mutosi-mr-56
a7b57c2d-5,mr-12-do_1648458359.png,https://locnuocthongminh.com/wp-content/uploads/2023/01/mr-12-do_1648458359.png,SP_n-i-c-m-i-n-mutosi-mr-12
3d240759-4,mr-12-do_1648458314.png,https://locnuocthongminh.com/wp-content/uploads/2023/01/mr-12-do_1648458314.png,SP_n-i-c-m-i-n-mutosi-mr-12
6b5c8e37-a,mr-16_1648458381.png,https://locnuocthongminh.com/wp-content/uploads/2023/01/mr-16_1648458381.png,SP_n-i-c-m-i-n-mutosi-mr-16
c618f4b5-d,mr-26_1648458411.png,https://locnuocthongminh.com/wp-content/uploads/2023/01/mr-26_1648458411.png,SP_n-i-c-m-i-n-mutosi-mr-26
6e3a500b-a,mr-36-PB.png,https://locnuocthongminh.com/wp-content/uploads/2023/01/mr-36-PB.png,SP_n-i-c-m-i-n-mutosi-mr-36pb
99a97ab0-8,mr-36-bac.png,https://locnuocthongminh.com/wp-content/uploads/2023/01/mr-36-bac.png,SP_n-i-c-m-i-n-mutosi-mr-36pb
8c36514e-c,2_1648458198.png,https://locnuocthongminh.com/wp-content/uploads/2023/01/2_1648458198.png,SP_n-i-c-m-i-n-mutosi-mr-38
23f022c6-e,3_1647832056.png,https://locnuocthongminh.com/wp-content/uploads/2023/01/3_1647832056.png,SP_n-i-c-m-i-n-mutosi-mr-38
c59b73fd-2,4_1647832059.png,https://locnuocthongminh.com/wp-content/uploads/2023/01/4_1647832059.png,SP_n-i-c-m-i-n-mutosi-mr-38
bfdcf4b5-6,5_1647832066.png,https://locnuocthongminh.com/wp-content/uploads/2023/01/5_1647832066.png,SP_n-i-c-m-i-n-mutosi-mr-38
fd3162e6-2,6_1647832063.png,https://locnuocthongminh.com/wp-content/uploads/2023/01/6_1647832063.png,SP_n-i-c-m-i-n-mutosi-mr-38
4077d879-6,may-ep-cham-mj86_1623060330.png,https://locnuocthongminh.com/wp-content/uploads/2023/01/may-ep-cham-mj86_1623060330.png,SP_a926601d
d1c791a5-0,mj-86r.png,https://locnuocthongminh.com/wp-content/uploads/2023/01/mj-86r.png,SP_a926601d
ec389bb4-3,MJ83.png,https://locnuocthongminh.com/wp-content/uploads/2023/01/MJ83.png,SP_m-y-p-ch-m-mutosi-mj-83
eaa23acd-9,26_1621493991.png,https://locnuocthongminh.com/wp-content/uploads/2023/01/26_1621493991.png,SP_ma-y-hu-t-mu-i-ki-nh-cong-mutosi-mh-33b-70c
4bdd8267-7,q5J4-1658476707.png,https://locnuocthongminh.com/wp-content/uploads/2023/01/q5J4-1658476707.png,SP_m-y-h-t-m-i-k-nh-cong-mutosi-mh-73t-70c
4cb40ac0-1,E3Cp-1658476722.png,https://locnuocthongminh.com/wp-content/uploads/2023/01/E3Cp-1658476722.png,SP_m-y-h-t-m-i-k-nh-cong-mutosi-mh-73t-70c
cdc3f70f-6,ZMqo-1658476715.png,https://locnuocthongminh.com/wp-content/uploads/2023/01/ZMqo-1658476715.png,SP_m-y-h-t-m-i-k-nh-cong-mutosi-mh-73t-70c
48816a71-5,may-hut-mui-mutosi-update_1637309625.png,https://locnuocthongminh.com/wp-content/uploads/2023/01/may-hut-mui-mutosi-update_1637309625.png,SP_m-y-h-t-m-i-mutosi-mh-35b-70c
37ab27f0-9,hut-mui-mutosi-714x714_1638239454.png,https://locnuocthongminh.com/wp-content/uploads/2023/01/hut-mui-mutosi-714x714_1638239454.png,SP_m-y-h-t-m-i-mutosi-mh-35b-70c
16bfa13d-d,hut-mui-55b714x714_1637648656.png,https://locnuocthongminh.com/wp-content/uploads/2023/01/hut-mui-55b714x714_1637648656.png,SP_m-y-h-t-m-i-mutosi-mh-55b-70c
1d3bcb53-7,hut-mui-mutosi-55b-714x714_1638239411.png,https://locnuocthongminh.com/wp-content/uploads/2023/01/hut-mui-mutosi-55b-714x714_1638239411.png,SP_m-y-h-t-m-i-mutosi-mh-55b-70c
7d1d71b5-b,may-hut-mui-mutosi_1638178960.png,https://locnuocthongminh.com/wp-content/uploads/2023/01/may-hut-mui-mutosi_1638178960.png,SP_m-y-h-t-m-i-mutosi-mh-55b-70c
7a296044-8,MCH-2000E.png,https://locnuocthongminh.com/wp-content/uploads/2023/01/MCH-2000E.png,SP_m-y-s-i-i-u-h-a-ceramic-mutosi-mch-2000e
92481d86-8,450-714x714-3_1647243064.png,https://locnuocthongminh.com/wp-content/uploads/2023/01/450-714x714-3_1647243064.png,SP_c-y-n-c-n-ng-l-nh-mutosi-md-450ro-bk
5a78cace-5,450r-714x714_1647243058.png,https://locnuocthongminh.com/wp-content/uploads/2023/01/450r-714x714_1647243058.png,SP_c-y-n-c-n-ng-l-nh-mutosi-md-450ro-bk
e95c0dfd-a,450-714x714-4_1647243067.png,https://locnuocthongminh.com/wp-content/uploads/2023/01/450-714x714-4_1647243067.png,SP_c-y-n-c-n-ng-l-nh-mutosi-md-450ro-bk
219d15e3-9,cay-nuoc-nong-lanh-tich-hop-ro-mutosi-md450-2-714-2_1612155765.png,https://locnuocthongminh.com/wp-content/uploads/2023/01/cay-nuoc-nong-lanh-tich-hop-ro-mutosi-md450-2-714-2_1612155765.png,SP_c-y-n-c-n-ng-l-nh-mutosi-md-450ro
b61ecf55-5,26_1621493991.png,https://locnuocthongminh.com/wp-content/uploads/2023/01/26_1621493991.png,SP_ma-y-hu-t-mu-i-ki-nh-cong-mutosi-mh-33b-70c
47973941-2,may-ep-cham-mj86_1623060330.png,https://locnuocthongminh.com/wp-content/uploads/2023/01/may-ep-cham-mj86_1623060330.png,SP_935e1906
80e8147a-0,mj-86r.png,https://locnuocthongminh.com/wp-content/uploads/2023/01/mj-86r.png,SP_935e1906
a77053f1-4,c102_3_1647330488-1.png,https://locnuocthongminh.com/wp-content/uploads/2023/01/c102_3_1647330488-1.png,SP_m-y-l-c-n-c-n-ng-l-nh-ngu-i-10-l-i-mp-c102-mhc
94c239ab-7,may-loc-nuoc-mutosi-9_1621072885.png,https://locnuocthongminh.com/wp-content/uploads/2023/01/may-loc-nuoc-mutosi-9_1621072885.png,SP_m-y-l-c-n-c-n-ng-l-nh-ngu-i-10-l-i-mp-c102-mhc
bbda24bf-e,may-loc-nuoc-mutosi-8_1621072885.png,https://locnuocthongminh.com/wp-content/uploads/2023/01/may-loc-nuoc-mutosi-8_1621072885.png,SP_m-y-l-c-n-c-n-ng-l-nh-ngu-i-10-l-i-mp-c102-mhc
2644b018-c,may-loc-nuoc-nong-lanh-mutosi-mpc102mhc-3_1624624567-1.png,https://locnuocthongminh.com/wp-content/uploads/2023/01/may-loc-nuoc-nong-lanh-mutosi-mpc102mhc-3_1624624567-1.png,SP_m-y-l-c-n-c-n-ng-l-nh-ngu-i-10-l-i-mp-c102-mhc
b434cf9a-e,may-loc-nuoc-nong-lanh-mutosi-mpc102mhc-4_1624624567-1.png,https://locnuocthongminh.com/wp-content/uploads/2023/01/may-loc-nuoc-nong-lanh-mutosi-mpc102mhc-4_1624624567-1.png,SP_m-y-l-c-n-c-n-ng-l-nh-ngu-i-10-l-i-mp-c102-mhc
345d0bea-7,3_1645582964.png,https://locnuocthongminh.com/wp-content/uploads/2023/01/3_1645582964.png,SP_n-i-chi-n-kh-ng-d-u-ki-m-h-p-mutosi-mf-s102
228690e7-5,5_1645587457.png,https://locnuocthongminh.com/wp-content/uploads/2023/01/5_1645587457.png,SP_n-i-chi-n-kh-ng-d-u-ki-m-h-p-mutosi-mf-s102
500dfc76-f,3_1645587468.png,https://locnuocthongminh.com/wp-content/uploads/2023/01/3_1645587468.png,SP_n-i-chi-n-kh-ng-d-u-ki-m-h-p-mutosi-mf-s102
d41ec629-2,2_1645587465.png,https://locnuocthongminh.com/wp-content/uploads/2023/01/2_1645587465.png,SP_n-i-chi-n-kh-ng-d-u-ki-m-h-p-mutosi-mf-s102
388bb129-8,untitled-1_1621495660.png,https://locnuocthongminh.com/wp-content/uploads/2023/01/untitled-1_1621495660.png,SP_n-i-chi-n-kh-ng-d-u-mutosi-mf-88
bb5ffe7f-f,4_1621495794.png,https://locnuocthongminh.com/wp-content/uploads/2023/01/4_1621495794.png,SP_n-i-chi-n-kh-ng-d-u-mutosi-mf-88
2afd7aec-2,1_1645583024.png,https://locnuocthongminh.com/wp-content/uploads/2023/01/1_1645583024.png,SP_n-i-chi-n-kh-ng-d-u-mutosi-mf-98c
2f0132d6-7,mf-98c_1633485631.jpg,https://locnuocthongminh.com/wp-content/uploads/2023/01/mf-98c_1633485631.jpg,SP_n-i-chi-n-kh-ng-d-u-mutosi-mf-98c
c88b3d9f-1,mutosi-mf-98c-13_1633361793.jpg,https://locnuocthongminh.com/wp-content/uploads/2023/01/mutosi-mf-98c-13_1633361793.jpg,SP_n-i-chi-n-kh-ng-d-u-mutosi-mf-98c
6b78dc98-3,2_1641970289.png,https://locnuocthongminh.com/wp-content/uploads/2023/01/2_1641970289.png,SP_n-i-chi-n-kh-ng-d-u-mutosi-mf-99d
559b9122-f,4_1641970310.png,https://locnuocthongminh.com/wp-content/uploads/2023/01/4_1641970310.png,SP_n-i-chi-n-kh-ng-d-u-mutosi-mf-99d
b649fdf5-1,3_1641970295.png,https://locnuocthongminh.com/wp-content/uploads/2023/01/3_1641970295.png,SP_n-i-chi-n-kh-ng-d-u-mutosi-mf-99d
fbf7f71d-2,1_1641970302.png,https://locnuocthongminh.com/wp-content/uploads/2023/01/1_1641970302.png,SP_n-i-chi-n-kh-ng-d-u-mutosi-mf-99d
f5e48617-d,mp-801-1-chinh-dien_1595382896.png,https://locnuocthongminh.com/wp-content/uploads/2023/01/mp-801-1-chinh-dien_1595382896.png,SP_m-y-l-c-kh-ng-kh-mutosi-map-801h-uv
3977e960-4,map-801_1595382887.png,https://locnuocthongminh.com/wp-content/uploads/2023/01/map-801_1595382887.png,SP_m-y-l-c-kh-ng-kh-mutosi-map-801h-uv
4e035d55-d,mp-801-mat-dinh-nghieng-phai_1595382910.png,https://locnuocthongminh.com/wp-content/uploads/2023/01/mp-801-mat-dinh-nghieng-phai_1595382910.png,SP_m-y-l-c-kh-ng-kh-mutosi-map-801h-uv
03b03cd7-3,mp-801-nghieng-phai_1595382898.png,https://locnuocthongminh.com/wp-content/uploads/2023/01/mp-801-nghieng-phai_1595382898.png,SP_m-y-l-c-kh-ng-kh-mutosi-map-801h-uv
ddd29b75-d,mp-801-nghieng-trai_1595382900.png,https://locnuocthongminh.com/wp-content/uploads/2023/01/mp-801-nghieng-trai_1595382900.png,SP_m-y-l-c-kh-ng-kh-mutosi-map-801h-uv
2c313887-a,MAP-301.png,https://locnuocthongminh.com/wp-content/uploads/2023/01/MAP-301.png,SP_m-y-l-c-kh-ng-kh-t-mutosi-map-301c
d69110aa-9,MAP-301-1.png,https://locnuocthongminh.com/wp-content/uploads/2023/01/MAP-301-1.png,SP_m-y-l-c-kh-ng-kh-t-mutosi-map-301c
0f1bc6ef-f,MAP-301C-1.png,https://locnuocthongminh.com/wp-content/uploads/2023/01/MAP-301C-1.png,SP_m-y-l-c-kh-ng-kh-t-mutosi-map-301c
345b7073-c,mlkk-301-01_1595383175-1.png,https://locnuocthongminh.com/wp-content/uploads/2023/01/mlkk-301-01_1595383175-1.png,SP_m-y-l-c-kh-ng-kh-t-mutosi-map-301c
5c749c72-6,1_1637060846.png,https://locnuocthongminh.com/wp-content/uploads/2023/01/1_1637060846.png,SP_m-y-s-i-i-u-h-a-ceramic-mutosi-mch-2000
594042c5-1,MCH-2000E.png,https://locnuocthongminh.com/wp-content/uploads/2023/01/MCH-2000E.png,SP_m-y-s-i-i-u-h-a-ceramic-mutosi-mch-2000e
40a55019-2,1_1637060846.png,https://locnuocthongminh.com/wp-content/uploads/2023/01/1_1637060846.png,SP_m-y-s-i-i-u-h-a-ceramic-mutosi-mch-2000
e3b23802-e,MCH-2000E.png,https://locnuocthongminh.com/wp-content/uploads/2023/01/MCH-2000E.png,SP_m-y-s-i-i-u-h-a-ceramic-mutosi-mch-2000e
48da3864-1,MCH-2000E.png,https://locnuocthongminh.com/wp-content/uploads/2023/01/MCH-2000E.png,SP_m-y-s-i-i-u-h-a-ceramic-mutosi-mch-2000e
a261a620-f,450-714x714-3_1647243064.png,https://locnuocthongminh.com/wp-content/uploads/2023/01/450-714x714-3_1647243064.png,SP_c-y-n-c-n-ng-l-nh-mutosi-md-450ro-bk
ce21d75c-6,450r-714x714_1647243058.png,https://locnuocthongminh.com/wp-content/uploads/2023/01/450r-714x714_1647243058.png,SP_c-y-n-c-n-ng-l-nh-mutosi-md-450ro-bk
4504d57d-d,450-714x714-4_1647243067.png,https://locnuocthongminh.com/wp-content/uploads/2023/01/450-714x714-4_1647243067.png,SP_c-y-n-c-n-ng-l-nh-mutosi-md-450ro-bk
2acbc357-5,cay-nuoc-nong-lanh-tich-hop-ro-mutosi-md450-2-714-2_1612155765.png,https://locnuocthongminh.com/wp-content/uploads/2023/01/cay-nuoc-nong-lanh-tich-hop-ro-mutosi-md450-2-714-2_1612155765.png,SP_c-y-n-c-n-ng-l-nh-mutosi-md-450ro
f533a630-a,26_1621493991.png,https://locnuocthongminh.com/wp-content/uploads/2023/01/26_1621493991.png,SP_ma-y-hu-t-mu-i-ki-nh-cong-mutosi-mh-33b-70c
d7bf37c1-1,may-ep-cham-mj86_1623060330.png,https://locnuocthongminh.com/wp-content/uploads/2023/01/may-ep-cham-mj86_1623060330.png,SP_87609c56
fae698db-7,mj-86r.png,https://locnuocthongminh.com/wp-content/uploads/2023/01/mj-86r.png,SP_87609c56
8a601116-8,c102_3_1647330488-1.png,https://locnuocthongminh.com/wp-content/uploads/2023/01/c102_3_1647330488-1.png,SP_m-y-l-c-n-c-n-ng-l-nh-ngu-i-10-l-i-mp-c102-mhc
dd4814fc-b,may-loc-nuoc-mutosi-9_1621072885.png,https://locnuocthongminh.com/wp-content/uploads/2023/01/may-loc-nuoc-mutosi-9_1621072885.png,SP_m-y-l-c-n-c-n-ng-l-nh-ngu-i-10-l-i-mp-c102-mhc
d762e498-d,may-loc-nuoc-mutosi-8_1621072885.png,https://locnuocthongminh.com/wp-content/uploads/2023/01/may-loc-nuoc-mutosi-8_1621072885.png,SP_m-y-l-c-n-c-n-ng-l-nh-ngu-i-10-l-i-mp-c102-mhc
d4c4fbb3-d,may-loc-nuoc-nong-lanh-mutosi-mpc102mhc-3_1624624567-1.png,https://locnuocthongminh.com/wp-content/uploads/2023/01/may-loc-nuoc-nong-lanh-mutosi-mpc102mhc-3_1624624567-1.png,SP_m-y-l-c-n-c-n-ng-l-nh-ngu-i-10-l-i-mp-c102-mhc
180cc841-0,may-loc-nuoc-nong-lanh-mutosi-mpc102mhc-4_1624624567-1.png,https://locnuocthongminh.com/wp-content/uploads/2023/01/may-loc-nuoc-nong-lanh-mutosi-mpc102mhc-4_1624624567-1.png,SP_m-y-l-c-n-c-n-ng-l-nh-ngu-i-10-l-i-mp-c102-mhc
be31fe70-b,mp-801-1-chinh-dien_1595382896.png,https://locnuocthongminh.com/wp-content/uploads/2023/01/mp-801-1-chinh-dien_1595382896.png,SP_m-y-l-c-kh-ng-kh-mutosi-map-801h-uv
c8de1e00-3,map-801_1595382887.png,https://locnuocthongminh.com/wp-content/uploads/2023/01/map-801_1595382887.png,SP_m-y-l-c-kh-ng-kh-mutosi-map-801h-uv
77ed8018-a,mp-801-mat-dinh-nghieng-phai_1595382910.png,https://locnuocthongminh.com/wp-content/uploads/2023/01/mp-801-mat-dinh-nghieng-phai_1595382910.png,SP_m-y-l-c-kh-ng-kh-mutosi-map-801h-uv
43d5592c-8,mp-801-nghieng-phai_1595382898.png,https://locnuocthongminh.com/wp-content/uploads/2023/01/mp-801-nghieng-phai_1595382898.png,SP_m-y-l-c-kh-ng-kh-mutosi-map-801h-uv
d26dec5b-6,mp-801-nghieng-trai_1595382900.png,https://locnuocthongminh.com/wp-content/uploads/2023/01/mp-801-nghieng-trai_1595382900.png,SP_m-y-l-c-kh-ng-kh-mutosi-map-801h-uv
e04d4691-c,MAP-301.png,https://locnuocthongminh.com/wp-content/uploads/2023/01/MAP-301.png,SP_m-y-l-c-kh-ng-kh-t-mutosi-map-301c
c65ae563-e,MAP-301-1.png,https://locnuocthongminh.com/wp-content/uploads/2023/01/MAP-301-1.png,SP_m-y-l-c-kh-ng-kh-t-mutosi-map-301c
a42b9c21-7,MAP-301C-1.png,https://locnuocthongminh.com/wp-content/uploads/2023/01/MAP-301C-1.png,SP_m-y-l-c-kh-ng-kh-t-mutosi-map-301c
9305769e-c,mlkk-301-01_1595383175-1.png,https://locnuocthongminh.com/wp-content/uploads/2023/01/mlkk-301-01_1595383175-1.png,SP_m-y-l-c-kh-ng-kh-t-mutosi-map-301c
266f32a2-b,MP-WH102U.png,https://locnuocthongminh.com/wp-content/uploads/2023/01/MP-WH102U.png,SP_h-th-ng-l-c-t-ng-mutosi-mp-wh102u
0f717491-8,mt074-2_1640771700.png,https://locnuocthongminh.com/wp-content/uploads/2023/01/mt074-2_1640771700.png,SP_h-th-ng-l-c-t-ng-mutosi-x-l-ngu-n-n-c-c-ng-mt074-2
3e68c20c-7,mt075-3_16407719671.png,https://locnuocthongminh.com/wp-content/uploads/2023/01/mt075-3_16407719671.png,SP_h-th-ng-x-l-ngu-n-n-c-nhi-m-kim-lo-i-n-ng-t-p-ch-t-h-u-c-v-v-i-mt075-3
485b323c-5,mt043-1_1640772413.png,https://locnuocthongminh.com/wp-content/uploads/2023/01/mt043-1_1640772413.png,SP_h-th-ng-x-l-n-c-nhi-m-v-i-mt043-1
2d393151-9,mt012-1_1640770404.png,https://locnuocthongminh.com/wp-content/uploads/2023/01/mt012-1_1640770404.png,SP_h-th-ng-x-l-n-c-nhi-m-t-p-ch-t-h-u-c-kim-lo-i-n-ng-m-c-nh-mt012-1
3d7a311d-3,mt011-1_1640770036.png,https://locnuocthongminh.com/wp-content/uploads/2023/01/mt011-1_1640770036.png,SP_h-th-ng-x-l-n-c-nhi-m-t-p-ch-t-h-u-c-mt011-1
b183bd5d-9,MP-WH102U.png,https://locnuocthongminh.com/wp-content/uploads/2023/01/MP-WH102U.png,SP_h-th-ng-l-c-t-ng-mutosi-mp-wh102u
71524ad8-8,mt074-2_1640771700.png,https://locnuocthongminh.com/wp-content/uploads/2023/01/mt074-2_1640771700.png,SP_h-th-ng-l-c-t-ng-mutosi-x-l-ngu-n-n-c-c-ng-mt074-2
e2b9d0ff-1,mt075-3_16407719671.png,https://locnuocthongminh.com/wp-content/uploads/2023/01/mt075-3_16407719671.png,SP_h-th-ng-x-l-ngu-n-n-c-nhi-m-kim-lo-i-n-ng-t-p-ch-t-h-u-c-v-v-i-mt075-3
1b0867b4-f,mt043-1_1640772413.png,https://locnuocthongminh.com/wp-content/uploads/2023/01/mt043-1_1640772413.png,SP_h-th-ng-x-l-n-c-nhi-m-v-i-mt043-1
a72d9ced-f,mt012-1_1640770404.png,https://locnuocthongminh.com/wp-content/uploads/2023/01/mt012-1_1640770404.png,SP_h-th-ng-x-l-n-c-nhi-m-t-p-ch-t-h-u-c-kim-lo-i-n-ng-m-c-nh-mt012-1
561dc793-c,mt011-1_1640770036.png,https://locnuocthongminh.com/wp-content/uploads/2023/01/mt011-1_1640770036.png,SP_h-th-ng-x-l-n-c-nhi-m-t-p-ch-t-h-u-c-mt011-1
